{
  "loss": 2641.23681640625,
  "val_loss": 2609.627685546875,
  "epoch": 9,
  "global_step": 800
}