{
  "loss": 808.9534301757812,
  "val_loss": 787.6234130859375,
  "epoch": 14,
  "global_step": 2565
}