{
  "loss": 4543.5634765625,
  "val_loss": 4081.612060546875,
  "epoch": 4,
  "global_step": 420
}