{
  "loss": 661.344482421875,
  "val_loss": 609.9637451171875,
  "epoch": 9,
  "global_step": 1640
}