{
  "loss": 188.430419921875,
  "val_loss": 189.0311279296875,
  "epoch": 12,
  "global_step": 4147
}