{
  "loss": 605.3729248046875,
  "val_loss": 529.3660888671875,
  "epoch": 9,
  "global_step": 1710
}