{
  "loss": 1106.791748046875,
  "val_loss": 917.3871459960938,
  "epoch": 4,
  "global_step": 1595
}