{
  "loss": 4167.29638671875,
  "val_loss": 3887.201416015625,
  "epoch": 9,
  "global_step": 910
}