{
  "loss": 248.08070373535156,
  "val_loss": 218.90036010742188,
  "epoch": 9,
  "global_step": 1670
}