{
  "loss": 538.0336303710938,
  "val_loss": 439.2088623046875,
  "epoch": 4,
  "global_step": 1845
}