{
  "loss": 1033.4964599609375,
  "val_loss": 955.0770874023438,
  "epoch": 14,
  "global_step": 2790
}