{
  "loss": 2789.235595703125,
  "val_loss": 2343.9169921875,
  "epoch": 4,
  "global_step": 1780
}