{
  "loss": 997.231689453125,
  "val_loss": 748.7185668945312,
  "epoch": 4,
  "global_step": 415
}