{
  "loss": 285.0605773925781,
  "val_loss": 289.334716796875,
  "epoch": 14,
  "global_step": 1335
}