{
  "loss": 6400.759765625,
  "val_loss": 6151.14599609375,
  "epoch": 4,
  "global_step": 465
}