{
  "loss": 597.922607421875,
  "val_loss": 573.580322265625,
  "epoch": 9,
  "global_step": 1670
}