{
  "loss": 645.6461791992188,
  "val_loss": 582.61328125,
  "epoch": 14,
  "global_step": 4995
}