{
  "loss": 436.8484191894531,
  "val_loss": 398.724365234375,
  "epoch": 9,
  "global_step": 820
}