{
  "loss": 232.8737030029297,
  "val_loss": 221.77781677246094,
  "epoch": 8,
  "global_step": 1521
}