{
  "loss": 4136.16552734375,
  "val_loss": 3642.435791015625,
  "epoch": 4,
  "global_step": 1740
}