{
  "loss": 4562.79296875,
  "val_loss": 4195.8818359375,
  "epoch": 4,
  "global_step": 415
}