{
  "loss": 252.5028076171875,
  "val_loss": 360.8650207519531,
  "epoch": 14,
  "global_step": 1335
}