{
  "loss": 6369.78369140625,
  "val_loss": 6336.22900390625,
  "epoch": 4,
  "global_step": 460
}