{
  "loss": 576.4164428710938,
  "val_loss": 506.7962646484375,
  "epoch": 14,
  "global_step": 1320
}