{
  "loss": 2803.918701171875,
  "val_loss": 2378.577392578125,
  "epoch": 4,
  "global_step": 1770
}