{
  "loss": 248.08889770507812,
  "val_loss": 364.4534912109375,
  "epoch": 4,
  "global_step": 7115
}