{
  "loss": 656.182373046875,
  "val_loss": 564.1124267578125,
  "epoch": 9,
  "global_step": 1660
}