{
  "loss": 313.9794006347656,
  "val_loss": 300.2916564941406,
  "epoch": 9,
  "global_step": 1810
}