{
  "loss": 2080.27294921875,
  "val_loss": 1751.0767822265625,
  "epoch": 4,
  "global_step": 1825
}