{
  "loss": 2049.102294921875,
  "val_loss": 1655.63427734375,
  "epoch": 4,
  "global_step": 1845
}