{
  "loss": 294.84515380859375,
  "val_loss": 382.51617431640625,
  "epoch": 9,
  "global_step": 1820
}