{
  "loss": 2567.751220703125,
  "val_loss": 2490.361328125,
  "epoch": 9,
  "global_step": 880
}