{
  "loss": 648.7269287109375,
  "val_loss": 489.5716247558594,
  "epoch": 14,
  "global_step": 4965
}