{
  "loss": 4159.97705078125,
  "val_loss": 3944.1162109375,
  "epoch": 9,
  "global_step": 910
}