{
  "loss": 931.9302978515625,
  "val_loss": 751.7432861328125,
  "epoch": 4,
  "global_step": 420
}