{
  "loss": 357.9898376464844,
  "val_loss": 303.59149169921875,
  "epoch": 9,
  "global_step": 830
}