{
  "loss": 996.1344604492188,
  "val_loss": 788.9623413085938,
  "epoch": 4,
  "global_step": 1625
}