{
  "loss": 561.405029296875,
  "val_loss": 579.1454467773438,
  "epoch": 9,
  "global_step": 1740
}