{
  "loss": 204.23080444335938,
  "val_loss": 306.42108154296875,
  "epoch": 8,
  "global_step": 3132
}