{
  "loss": 591.7711791992188,
  "val_loss": 522.5437622070312,
  "epoch": 9,
  "global_step": 1730
}