{
  "loss": 1081.20068359375,
  "val_loss": 991.2661743164062,
  "epoch": 14,
  "global_step": 2745
}