{
  "loss": 326.5317687988281,
  "val_loss": 410.7442626953125,
  "epoch": 9,
  "global_step": 840
}