{
  "loss": 508.4117736816406,
  "val_loss": 504.7917785644531,
  "epoch": 4,
  "global_step": 1860
}