{
  "loss": 3367.286376953125,
  "val_loss": 3210.738525390625,
  "epoch": 14,
  "global_step": 1395
}