{
  "loss": 954.115478515625,
  "val_loss": 781.1089477539062,
  "epoch": 4,
  "global_step": 410
}