{
  "loss": 1787.6251220703125,
  "val_loss": 1736.2720947265625,
  "epoch": 4,
  "global_step": 885
}