{
  "loss": 231.82818603515625,
  "val_loss": 224.3432159423828,
  "epoch": 8,
  "global_step": 3114
}