{
  "loss": 317.79229736328125,
  "val_loss": 309.58349609375,
  "epoch": 8,
  "global_step": 1611
}