{
  "loss": 1082.69970703125,
  "val_loss": 835.5189819335938,
  "epoch": 4,
  "global_step": 1615
}