{
  "loss": 1781.437744140625,
  "val_loss": 1735.963134765625,
  "epoch": 4,
  "global_step": 890
}