{
  "loss": 283.73944091796875,
  "val_loss": 280.0504455566406,
  "epoch": 14,
  "global_step": 1320
}