{
  "loss": 485.5683288574219,
  "val_loss": 513.9012451171875,
  "epoch": 14,
  "global_step": 1335
}