{
  "loss": 702.6575927734375,
  "val_loss": 549.845458984375,
  "epoch": 14,
  "global_step": 4905
}