{
  "loss": 841.495361328125,
  "val_loss": 736.9112548828125,
  "epoch": 14,
  "global_step": 2535
}