{
  "loss": 2546.93505859375,
  "val_loss": 2331.986083984375,
  "epoch": 9,
  "global_step": 820
}