{
  "loss": 1061.3697509765625,
  "val_loss": 933.7061157226562,
  "epoch": 14,
  "global_step": 2775
}