{
  "loss": 188.99317932128906,
  "val_loss": 178.72750854492188,
  "epoch": 14,
  "global_step": 4845
}