{
  "loss": 4142.9921875,
  "val_loss": 3715.98046875,
  "epoch": 4,
  "global_step": 1730
}