{
  "loss": 2635.2666015625,
  "val_loss": 2452.650146484375,
  "epoch": 9,
  "global_step": 810
}