{
  "loss": 247.83425903320312,
  "val_loss": 223.03582763671875,
  "epoch": 7,
  "global_step": 2736
}