{
  "loss": 3376.7119140625,
  "val_loss": 3351.55419921875,
  "epoch": 14,
  "global_step": 1380
}