{
  "loss": 2053.650146484375,
  "val_loss": 1686.01806640625,
  "epoch": 4,
  "global_step": 1860
}