{
  "loss": 859.7775268554688,
  "val_loss": 789.3688354492188,
  "epoch": 14,
  "global_step": 2505
}