{
  "loss": 535.1112060546875,
  "val_loss": 481.40960693359375,
  "epoch": 14,
  "global_step": 1335
}