{
  "loss": 3378.434814453125,
  "val_loss": 3177.516845703125,
  "epoch": 14,
  "global_step": 1395
}