{
  "loss": 2558.682373046875,
  "val_loss": 2348.22998046875,
  "epoch": 9,
  "global_step": 890
}