{
  "loss": 6422.1884765625,
  "val_loss": 6061.49658203125,
  "epoch": 4,
  "global_step": 465
}