{
  "loss": 4159.63330078125,
  "val_loss": 4108.5751953125,
  "epoch": 9,
  "global_step": 900
}