{
  "loss": 2812.310302734375,
  "val_loss": 2519.85546875,
  "epoch": 4,
  "global_step": 1750
}