{
  "loss": 2556.296875,
  "val_loss": 2328.96337890625,
  "epoch": 9,
  "global_step": 890
}