{
  "loss": 4549.34912109375,
  "val_loss": 4400.04833984375,
  "epoch": 4,
  "global_step": 410
}