{
  "loss": 173.82278442382812,
  "val_loss": 265.1426696777344,
  "epoch": 11,
  "global_step": 3900
}