{
  "loss": 1796.9381103515625,
  "val_loss": 1742.5882568359375,
  "epoch": 4,
  "global_step": 875
}