{
  "loss": 221.24513244628906,
  "val_loss": 471.2610778808594,
  "epoch": 9,
  "global_step": 1710
}