{
  "loss": 548.0631103515625,
  "val_loss": 429.20147705078125,
  "epoch": 4,
  "global_step": 1825
}