{
  "loss": 4145.1337890625,
  "val_loss": 3895.5927734375,
  "epoch": 4,
  "global_step": 1710
}